CookerStat, GenerateAssetRegistry=0.021808, Initialize=0.124447, RunGuid=RunID46CDBF8447071F3FE0636C856240A683
DDCTransactionIdA95E5BAD478F0EA800E017840CA81BC3_0, PutCachedData=, CacheKey=PhysX_1D9C17C451EA4FB88CB7A27536A65DB0_PhysXPC_0B240F0F43F95C113A0644B2905FC93__51FE538767C5F105737291AF225E1EC650EE5248, StartTime=2016.04.27-01.37.26, HierarchicalDDC=, DataSize=840, Duration=3.543548, RunGuid=RunID46CDBF8447071F3FE0636C856240A683
SavePackageTransactionId7CB994864E714EAA21555FB9261DAB09_0, Filename=../../../../../../Users/Sahir/Documents/Unreal Projects/MyProject/Content/StarterContent/Architecture/Floor_400x400.uasset, AutoPackageBackupDelegate=50.611973, FlushAsyncLoading=0.026625, FlushStreamingFunc=0.083391, BlockTillAllRequestsFinished=0.036884, ResetLoadersForSaveUnMarkAllObjects=0.247613, TagPackageExports=0.027265, BeginCacheForCookedPlatformData=0.001281, SerializeImports=0.461228, GatherLocalizableTextData=0.150748, MarkNames=0.011224, SerializeSummary=0.015076, SerializeNames=0.060298, SerializeGatherableTextData=0.001285, BuildExportMap=0.023413, SortExportsNonSeekfree=0.010584, SortExportsSeekfreeConstructor=0.059336, SortExportsSeekfreeInner=0.579581, SortExportsSeekfree=0.002887, BuildDependencyMap=0.016358, SerializeImportMap=0.007696, SerializeExportMap=0.004813, SerializeDependencyMap=0.001281, SerializeStringAssetReferenceMap=0.001606, SaveThumbNailsAssetRegistryDataWorldLevelInfo=7.098321, SerializeExports=0.261404, SerializeBulkData=0.019886, MoveFile=4.009902, UnaccountedTime=73.641502, RunGuid=RunID46CDBF8447071F3FE0636C856240A683
DDCTransactionIdBC4404BE47C4758390C6928D03FBC0D2_0, BuildTexture=, CacheKey=TEXTURE_814DCC3DC72143F49509781513CB9855_AutoDXT_FC7A1A594001EBE0E467E3A2D692FE23_07_0000803F0000803F0000803F000000000000803F00000000000000000000803F0000000000000000020000000E000000000000000101000000040000803FFFFFFFFF00000000FF00FF00FFFF8180803B, StartTime=2016.04.27-01.37.27, Duration=113.593971, RunGuid=RunID46CDBF8447071F3FE0636C856240A683
DDCTransactionId77A6621043B7A85A4946C39ECA1F12CB_0, PutCachedData=, CacheKey=TEXTURE_814DCC3DC72143F49509781513CB9855_AutoDXT_FC7A1A594001EBE0E467E3A2D692F__F347CAA94BBC0F3A24C8B7FB4F69617A6A85C015, StartTime=2016.04.27-01.37.27, HierarchicalDDC=, DataSize=262407, Duration=42.368931, RunGuid=RunID46CDBF8447071F3FE0636C856240A683
DDCTransactionId01B87C494759E4DEC7C6A1871E4D781C_0, PutCachedData=, CacheKey=TEXTURE_814DCC3DC72143F49509781513CB9855_AutoDXT_FC7A1A594001EBE0E467E3A2D692F__8615B3B40FE41DAB6E69A5C460CF923101857EFF, StartTime=2016.04.27-01.37.27, HierarchicalDDC=, DataSize=65799, Duration=45.424629, RunGuid=RunID46CDBF8447071F3FE0636C856240A683
DDCTransactionIdA95E5BAD478F0EA800E017840CA81BC3_1, PutCachedData=, CacheKey=TEXTURE_814DCC3DC72143F49509781513CB9855_AutoDXT_FC7A1A594001EBE0E467E3A2D692F__2987912F2631C0C7F3AC48A4AE6790FACCBFEA14, StartTime=2016.04.27-01.37.27, HierarchicalDDC=, DataSize=16647, Duration=42.178085, RunGuid=RunID46CDBF8447071F3FE0636C856240A683
DDCTransactionIdBC4404BE47C4758390C6928D03FBC0D2_1, BuildTexture=, CacheKey=TEXTURE_814DCC3DC72143F49509781513CB9855_AutoDXT_A03284D8411051A35ED81D99FE3E9BA3_07_0000803F0000803F0000803F000000000000803F00000000000000000000803F0000000000000000020000000E000000000000000101000000040000803FFFFFFFFF00000000FF00FF00FFFF8180803B, StartTime=2016.04.27-01.37.27, Duration=4.341550, RunGuid=RunID46CDBF8447071F3FE0636C856240A683
DDCTransactionIdBC4404BE47C4758390C6928D03FBC0D2_2, BuildTexture=, CacheKey=TEXTURE_814DCC3DC72143F49509781513CB9855_DXT1_5C50B816464CCC8B300534A1100D56C6_07_0000803F0000803F0000803F000000000000803F00000000000000000000803F0000000000000000020000000E000000000000000101000000040000803FFFFFFFFF00000000FF00FF00FFFF8180803B, StartTime=2016.04.27-01.37.27, Duration=59.924366, RunGuid=RunID46CDBF8447071F3FE0636C856240A683
DDCTransactionIdA95E5BAD478F0EA800E017840CA81BC3_2, PutCachedData=, CacheKey=TEXTURE_814DCC3DC72143F49509781513CB9855_AutoDXT_FC7A1A594001EBE0E467E3A2D692F__883FEF797EAC9E7AF6376007E47FEDCA89C86A97, StartTime=2016.04.27-01.37.27, HierarchicalDDC=, DataSize=6899, Duration=6.376654, RunGuid=RunID46CDBF8447071F3FE0636C856240A683
DDCTransactionId77A6621043B7A85A4946C39ECA1F12CB_1, PutCachedData=, CacheKey=TEXTURE_814DCC3DC72143F49509781513CB9855_AutoDXT_A03284D8411051A35ED81D99FE3E9__1A5578C3526F715997B0B7D765646CBDB4E59541, StartTime=2016.04.27-01.37.27, HierarchicalDDC=, DataSize=6014, Duration=3.863968, RunGuid=RunID46CDBF8447071F3FE0636C856240A683
DDCTransactionId01B87C494759E4DEC7C6A1871E4D781C_1, PutCachedData=, CacheKey=TEXTURE_814DCC3DC72143F49509781513CB9855_DXT1_5C50B816464CCC8B300534A1100D56C6__EA88B4CE3DE996BB264326F9E7786ACFA165F398, StartTime=2016.04.27-01.37.27, HierarchicalDDC=, DataSize=131332, Duration=4.472092, RunGuid=RunID46CDBF8447071F3FE0636C856240A683
DDCTransactionId77A6621043B7A85A4946C39ECA1F12CB_2, PutCachedData=, CacheKey=TEXTURE_814DCC3DC72143F49509781513CB9855_DXT1_5C50B816464CCC8B300534A1100D56C6__B1B383481F0D93D0107D147CA5264C548EAC2397, StartTime=2016.04.27-01.37.27, HierarchicalDDC=, DataSize=33028, Duration=4.071485, RunGuid=RunID46CDBF8447071F3FE0636C856240A683
DDCTransactionIdA95E5BAD478F0EA800E017840CA81BC3_3, PutCachedData=, CacheKey=TEXTURE_814DCC3DC72143F49509781513CB9855_DXT1_5C50B816464CCC8B300534A1100D56C6__40720D9CDA0F726ACC0B78A9D41ABC927F83F6F4, StartTime=2016.04.27-01.37.27, HierarchicalDDC=, DataSize=8452, Duration=3.941908, RunGuid=RunID46CDBF8447071F3FE0636C856240A683
DDCTransactionIdBC4404BE47C4758390C6928D03FBC0D2_3, BuildTexture=, CacheKey=TEXTURE_814DCC3DC72143F49509781513CB9855_DXT1_1F1EFF7146A1BAED4622B390A77C3499_07_0000803F0000803F0000803F000000000000803F00000000000000000000803F0000000000000000020000000E000000000000000101000000040000803FFFFFFFFF00000000FF00FF00FFFF8180803B, StartTime=2016.04.27-01.37.27, Duration=2.767354, RunGuid=RunID46CDBF8447071F3FE0636C856240A683
DDCTransactionIdA95E5BAD478F0EA800E017840CA81BC3_4, PutCachedData=, CacheKey=TEXTURE_814DCC3DC72143F49509781513CB9855_DXT1_5C50B816464CCC8B300534A1100D56C6__4E02A955DB8991F69699C5B7AA07B77059820748, StartTime=2016.04.27-01.37.27, HierarchicalDDC=, DataSize=4143, Duration=3.995791, RunGuid=RunID46CDBF8447071F3FE0636C856240A683
DDCTransactionId77A6621043B7A85A4946C39ECA1F12CB_3, PutCachedData=, CacheKey=TEXTURE_814DCC3DC72143F49509781513CB9855_DXT1_1F1EFF7146A1BAED4622B390A77C3499__1F0D8E04E9F1D2C7C558630BF3A82ADB21C3D46E, StartTime=2016.04.27-01.37.27, HierarchicalDDC=, DataSize=3267, Duration=11.651877, RunGuid=RunID46CDBF8447071F3FE0636C856240A683
DDCTransactionIdBC4404BE47C4758390C6928D03FBC0D2_4, BuildTexture=, CacheKey=TEXTURE_814DCC3DC72143F49509781513CB9855_BGRA8_FDDC3B534CFE5F90E19662A2879529C6_07_0000803F0000803F0000803F000000000000803F00000000000000000000803F0000000000000000020000000E000000000000000101000000040000803FFFFFFFFF00000000FF00FF00FFFF8180803B, StartTime=2016.04.27-01.37.27, Duration=4.505772, RunGuid=RunID46CDBF8447071F3FE0636C856240A683
DDCTransactionId01B87C494759E4DEC7C6A1871E4D781C_2, PutCachedData=, CacheKey=TEXTURE_814DCC3DC72143F49509781513CB9855_BGRA8_FDDC3B534CFE5F90E19662A2879529C__F6E00A300FEA9A75282155F0AFB9C622B87FB4F8, StartTime=2016.04.27-01.37.27, HierarchicalDDC=, DataSize=524549, Duration=4.375551, RunGuid=RunID46CDBF8447071F3FE0636C856240A683
DDCTransactionIdA95E5BAD478F0EA800E017840CA81BC3_5, PutCachedData=, CacheKey=TEXTURE_814DCC3DC72143F49509781513CB9855_BGRA8_FDDC3B534CFE5F90E19662A2879529C__41C5DEEFD0A8E66D16AD7518BF72FC37894F5D53, StartTime=2016.04.27-01.37.27, HierarchicalDDC=, DataSize=131333, Duration=6.415781, RunGuid=RunID46CDBF8447071F3FE0636C856240A683
DDCTransactionIdBC4404BE47C4758390C6928D03FBC0D2_5, BuildTexture=, CacheKey=TEXTURE_814DCC3DC72143F49509781513CB9855_BGRA8_D8EB37A34B27BD0F8146FB9A1154CD39_07_0000803F0000803F0000803F000000000000803F00000000000000000000803F0000000000000000020000000E000000000000000101000000040000803FFFFFFFFF00000000FF00FF00FFFF8180803B, StartTime=2016.04.27-01.37.27, Duration=0.187311, RunGuid=RunID46CDBF8447071F3FE0636C856240A683
DDCTransactionIdA95E5BAD478F0EA800E017840CA81BC3_6, PutCachedData=, CacheKey=TEXTURE_814DCC3DC72143F49509781513CB9855_BGRA8_FDDC3B534CFE5F90E19662A2879529C__1A35B25235FA446188EDB36FE1A6B9AEBA4FA9E8, StartTime=2016.04.27-01.37.27, HierarchicalDDC=, DataSize=33028, Duration=3.888667, RunGuid=RunID46CDBF8447071F3FE0636C856240A683
DDCTransactionId77A6621043B7A85A4946C39ECA1F12CB_4, PutCachedData=, CacheKey=TEXTURE_814DCC3DC72143F49509781513CB9855_BGRA8_FDDC3B534CFE5F90E19662A2879529C__CA1B460C039D8259BF4770CFA3B66BA4DF71A94C, StartTime=2016.04.27-01.37.27, HierarchicalDDC=, DataSize=12330, Duration=4.062187, RunGuid=RunID46CDBF8447071F3FE0636C856240A683
DDCTransactionId01B87C494759E4DEC7C6A1871E4D781C_3, PutCachedData=, CacheKey=TEXTURE_814DCC3DC72143F49509781513CB9855_BGRA8_D8EB37A34B27BD0F8146FB9A1154CD3__D8D8CEABDA0CE6982ED1C285B0B240DBB0DC8833, StartTime=2016.04.27-01.37.27, HierarchicalDDC=, DataSize=11452, Duration=5.504236, RunGuid=RunID46CDBF8447071F3FE0636C856240A683
DDCTransactionIdBC4404BE47C4758390C6928D03FBC0D2_6, BuildTexture=, CacheKey=TEXTURE_814DCC3DC72143F49509781513CB9855_BC5_F66DA5E24188B51233E5F9AC049315FC_07_0000803F0000803F0000803F000000000000803F00000000000000000000803F00000000000000000200000001000000000000000100000000040000803FFFFFFFFF00000000FF00FF00FFFF8180803B, StartTime=2016.04.27-01.37.27, Duration=130.271545, RunGuid=RunID46CDBF8447071F3FE0636C856240A683
DDCTransactionIdA95E5BAD478F0EA800E017840CA81BC3_7, PutCachedData=, CacheKey=TEXTURE_814DCC3DC72143F49509781513CB9855_BC5_F66DA5E24188B51233E5F9AC049315FC___AD044742DA124E944FD6347DC5AAC6762F124316, StartTime=2016.04.27-01.37.27, HierarchicalDDC=, DataSize=1048837, Duration=5.038843, RunGuid=RunID46CDBF8447071F3FE0636C856240A683
DDCTransactionId77A6621043B7A85A4946C39ECA1F12CB_5, PutCachedData=, CacheKey=TEXTURE_814DCC3DC72143F49509781513CB9855_BC5_F66DA5E24188B51233E5F9AC049315FC___84E4128DC09A75F62FE0DD2770256CBCF9348EA6, StartTime=2016.04.27-01.37.27, HierarchicalDDC=, DataSize=262403, Duration=6.519064, RunGuid=RunID46CDBF8447071F3FE0636C856240A683
DDCTransactionId01B87C494759E4DEC7C6A1871E4D781C_4, PutCachedData=, CacheKey=TEXTURE_814DCC3DC72143F49509781513CB9855_BC5_F66DA5E24188B51233E5F9AC049315FC___7DEE8944918BAE12A07607AD663F2C134FB3CFE1, StartTime=2016.04.27-01.37.27, HierarchicalDDC=, DataSize=65795, Duration=4.426226, RunGuid=RunID46CDBF8447071F3FE0636C856240A683
DDCTransactionId01B87C494759E4DEC7C6A1871E4D781C_5, PutCachedData=, CacheKey=TEXTURE_814DCC3DC72143F49509781513CB9855_BC5_F66DA5E24188B51233E5F9AC049315FC___99545BD511D932D6BFFBB6E6E4FB4A60ADACB823, StartTime=2016.04.27-01.37.27, HierarchicalDDC=, DataSize=16643, Duration=25.198057, RunGuid=RunID46CDBF8447071F3FE0636C856240A683
DDCTransactionIdA95E5BAD478F0EA800E017840CA81BC3_8, PutCachedData=, CacheKey=TEXTURE_814DCC3DC72143F49509781513CB9855_BC5_F66DA5E24188B51233E5F9AC049315FC___56EFE377E65C15D84CB97A20A102CE1D4E222074, StartTime=2016.04.27-01.37.27, HierarchicalDDC=, DataSize=7175, Duration=5.075727, RunGuid=RunID46CDBF8447071F3FE0636C856240A683
DDCTransactionIdBC4404BE47C4758390C6928D03FBC0D2_7, BuildTexture=, CacheKey=TEXTURE_814DCC3DC72143F49509781513CB9855_AutoDXT_89FAE76147BE843656BE72BFB765E020_07_0000803F0000803F0000803F000000000000803F00000000000000000000803F00000000000000000200000001000100000000000101000000040000803FFFFFFFFF00000000FF00FF00FFFF8180803B, StartTime=2016.04.27-01.37.27, Duration=669.960999, RunGuid=RunID46CDBF8447071F3FE0636C856240A683
DDCTransactionId77A6621043B7A85A4946C39ECA1F12CB_6, PutCachedData=, CacheKey=TEXTURE_814DCC3DC72143F49509781513CB9855_AutoDXT_89FAE76147BE843656BE72BFB765E__634C938BCB427A8E8B170FBC4B41592A33D89311, StartTime=2016.04.27-01.37.28, HierarchicalDDC=, DataSize=2097417, Duration=8.278646, RunGuid=RunID46CDBF8447071F3FE0636C856240A683
DDCTransactionIdA95E5BAD478F0EA800E017840CA81BC3_9, PutCachedData=, CacheKey=TEXTURE_814DCC3DC72143F49509781513CB9855_AutoDXT_89FAE76147BE843656BE72BFB765E__BE6334C1F5BCBA1ACB9CFA53C6BA84551E1B0681, StartTime=2016.04.27-01.37.28, HierarchicalDDC=, DataSize=524553, Duration=4.613221, RunGuid=RunID46CDBF8447071F3FE0636C856240A683
DDCTransactionId01B87C494759E4DEC7C6A1871E4D781C_6, PutCachedData=, CacheKey=TEXTURE_814DCC3DC72143F49509781513CB9855_AutoDXT_89FAE76147BE843656BE72BFB765E__DE2E8231FD0178FF0228B9F2E453E2F72ABCB892, StartTime=2016.04.27-01.37.28, HierarchicalDDC=, DataSize=131335, Duration=4.438095, RunGuid=RunID46CDBF8447071F3FE0636C856240A683
DDCTransactionId01B87C494759E4DEC7C6A1871E4D781C_7, PutCachedData=, CacheKey=TEXTURE_814DCC3DC72143F49509781513CB9855_AutoDXT_89FAE76147BE843656BE72BFB765E__A90D3816ABD79E25A7134CFC39F62376DA428BDE, StartTime=2016.04.27-01.37.28, HierarchicalDDC=, DataSize=33031, Duration=5.929861, RunGuid=RunID46CDBF8447071F3FE0636C856240A683
DDCTransactionIdA95E5BAD478F0EA800E017840CA81BC3_10, PutCachedData=, CacheKey=TEXTURE_814DCC3DC72143F49509781513CB9855_AutoDXT_89FAE76147BE843656BE72BFB765E__947A70DB487245A00AB828E9A0178665B4BD551D, StartTime=2016.04.27-01.37.28, HierarchicalDDC=, DataSize=8455, Duration=4.546825, RunGuid=RunID46CDBF8447071F3FE0636C856240A683
DDCTransactionId77A6621043B7A85A4946C39ECA1F12CB_7, PutCachedData=, CacheKey=TEXTURE_814DCC3DC72143F49509781513CB9855_AutoDXT_89FAE76147BE843656BE72BFB765E__02E5B6EFBB6B65A66752CA32B308990E92963B70, StartTime=2016.04.27-01.37.28, HierarchicalDDC=, DataSize=4749, Duration=4.580502, RunGuid=RunID46CDBF8447071F3FE0636C856240A683
DDCTransactionIdBC4404BE47C4758390C6928D03FBC0D2_8, BuildTexture=, CacheKey=TEXTURE_814DCC3DC72143F49509781513CB9855_DXT1_554540744378681136F94587A55F8171_07_0000803F0000803F0000803F000000000000803F00000000000000000000803F00000000000000000200000001000100000000000101000000040000803FFFFFFFFF00000000FF00FF00FFFF8180803B, StartTime=2016.04.27-01.37.28, Duration=775.212463, RunGuid=RunID46CDBF8447071F3FE0636C856240A683
DDCTransactionIdA95E5BAD478F0EA800E017840CA81BC3_11, PutCachedData=, CacheKey=TEXTURE_814DCC3DC72143F49509781513CB9855_DXT1_554540744378681136F94587A55F8171__CB5CE6971120217254675AE8D45D0EB88085D9F4, StartTime=2016.04.27-01.37.29, HierarchicalDDC=, DataSize=2097414, Duration=9.857334, RunGuid=RunID46CDBF8447071F3FE0636C856240A683
DDCTransactionId01B87C494759E4DEC7C6A1871E4D781C_8, PutCachedData=, CacheKey=TEXTURE_814DCC3DC72143F49509781513CB9855_DXT1_554540744378681136F94587A55F8171__C945318273AAD639D7587CB511FE79FCD40E743C, StartTime=2016.04.27-01.37.29, HierarchicalDDC=, DataSize=524550, Duration=4.228972, RunGuid=RunID46CDBF8447071F3FE0636C856240A683
DDCTransactionId77A6621043B7A85A4946C39ECA1F12CB_8, PutCachedData=, CacheKey=TEXTURE_814DCC3DC72143F49509781513CB9855_DXT1_554540744378681136F94587A55F8171__39920D9A36D38CC58F8F5BEEB504D931ACB7828E, StartTime=2016.04.27-01.37.29, HierarchicalDDC=, DataSize=131332, Duration=16.679174, RunGuid=RunID46CDBF8447071F3FE0636C856240A683
DDCTransactionId01B87C494759E4DEC7C6A1871E4D781C_9, PutCachedData=, CacheKey=TEXTURE_814DCC3DC72143F49509781513CB9855_DXT1_554540744378681136F94587A55F8171__B80AE5B0AEBC496E00C4D50D438CB391104A38DA, StartTime=2016.04.27-01.37.29, HierarchicalDDC=, DataSize=33028, Duration=3.170207, RunGuid=RunID46CDBF8447071F3FE0636C856240A683
DDCTransactionId01B87C494759E4DEC7C6A1871E4D781C_10, PutCachedData=, CacheKey=TEXTURE_814DCC3DC72143F49509781513CB9855_DXT1_554540744378681136F94587A55F8171__64525CA305C3B777F92562730118DB784EC050BE, StartTime=2016.04.27-01.37.29, HierarchicalDDC=, DataSize=8452, Duration=4.475299, RunGuid=RunID46CDBF8447071F3FE0636C856240A683
DDCTransactionIdA95E5BAD478F0EA800E017840CA81BC3_12, PutCachedData=, CacheKey=TEXTURE_814DCC3DC72143F49509781513CB9855_DXT1_554540744378681136F94587A55F8171__BF26E6E11FF95191708C5B709A2C02FBF51F6E1B, StartTime=2016.04.27-01.37.29, HierarchicalDDC=, DataSize=4731, Duration=4.792195, RunGuid=RunID46CDBF8447071F3FE0636C856240A683
DDCTransactionIdBC4404BE47C4758390C6928D03FBC0D2_9, BuildTexture=, CacheKey=TEXTURE_814DCC3DC72143F49509781513CB9855_BC5_E101C19143499573FE95F8B00D24D70D_07_0000803F0000803F0000803F000000000000803F00000000000000000000803F00000000000000000200000001000000000000000100000000040000803FFFFFFFFF00000000FF00FF00FFFF8180803B, StartTime=2016.04.27-01.37.29, Duration=517.405334, RunGuid=RunID46CDBF8447071F3FE0636C856240A683
DDCTransactionId01B87C494759E4DEC7C6A1871E4D781C_11, PutCachedData=, CacheKey=TEXTURE_814DCC3DC72143F49509781513CB9855_BC5_E101C19143499573FE95F8B00D24D70D___A3B1D7C268F74A4F2960EBC7257907690600BE69, StartTime=2016.04.27-01.37.29, HierarchicalDDC=, DataSize=4194565, Duration=10.969024, RunGuid=RunID46CDBF8447071F3FE0636C856240A683
DDCTransactionId77A6621043B7A85A4946C39ECA1F12CB_9, PutCachedData=, CacheKey=TEXTURE_814DCC3DC72143F49509781513CB9855_BC5_E101C19143499573FE95F8B00D24D70D___BB72D3901D3B16BFC9A4E349D9E98FCF0FB68D0C, StartTime=2016.04.27-01.37.29, HierarchicalDDC=, DataSize=1048837, Duration=7.616956, RunGuid=RunID46CDBF8447071F3FE0636C856240A683
DDCTransactionIdA95E5BAD478F0EA800E017840CA81BC3_13, PutCachedData=, CacheKey=TEXTURE_814DCC3DC72143F49509781513CB9855_BC5_E101C19143499573FE95F8B00D24D70D___E6D6299AA0EA9F4DFDFFCFFE9EFABD85DC7C1DB1, StartTime=2016.04.27-01.37.29, HierarchicalDDC=, DataSize=262403, Duration=36.374924, RunGuid=RunID46CDBF8447071F3FE0636C856240A683
DDCTransactionIdA95E5BAD478F0EA800E017840CA81BC3_14, PutCachedData=, CacheKey=TEXTURE_814DCC3DC72143F49509781513CB9855_BC5_E101C19143499573FE95F8B00D24D70D___3CE5320B2657F4BB1395A6532CAE66B5C90A3127, StartTime=2016.04.27-01.37.29, HierarchicalDDC=, DataSize=65795, Duration=4.404738, RunGuid=RunID46CDBF8447071F3FE0636C856240A683
DDCTransactionId77A6621043B7A85A4946C39ECA1F12CB_10, PutCachedData=, CacheKey=TEXTURE_814DCC3DC72143F49509781513CB9855_BC5_E101C19143499573FE95F8B00D24D70D___F8E6FA962276410ADC1E89685BE11FD7D0D125FA, StartTime=2016.04.27-01.37.29, HierarchicalDDC=, DataSize=16643, Duration=5.266890, RunGuid=RunID46CDBF8447071F3FE0636C856240A683
DDCTransactionId01B87C494759E4DEC7C6A1871E4D781C_12, PutCachedData=, CacheKey=TEXTURE_814DCC3DC72143F49509781513CB9855_BC5_E101C19143499573FE95F8B00D24D70D___67EFA84C6DD43F19667A390C19E1116948186D44, StartTime=2016.04.27-01.37.29, HierarchicalDDC=, DataSize=7468, Duration=4.070204, RunGuid=RunID46CDBF8447071F3FE0636C856240A683
DDCTransactionIdBC4404BE47C4758390C6928D03FBC0D2_10, BuildTexture=, CacheKey=TEXTURE_814DCC3DC72143F49509781513CB9855_AutoDXT_F00C6CAD4C5844ABE7963E9AFE3B1150_07_0000803F0000803F0000803F000000000000803F00000000000000000000803F00000000000000000200000001000100000000000101000000040000803FFFFFFFFF00000000FF00FF00FFFF8180803B, StartTime=2016.04.27-01.37.30, Duration=5759.505371, RunGuid=RunID46CDBF8447071F3FE0636C856240A683
DDCTransactionId01B87C494759E4DEC7C6A1871E4D781C_13, PutCachedData=, CacheKey=TEXTURE_814DCC3DC72143F49509781513CB9855_AutoDXT_F00C6CAD4C5844ABE7963E9AFE3B1__2BDE6832CBF7E319A3EA1B91AD774C2D7DE9CACC, StartTime=2016.04.27-01.37.35, HierarchicalDDC=, DataSize=4194569, Duration=12.575294, RunGuid=RunID46CDBF8447071F3FE0636C856240A683
DDCTransactionId77A6621043B7A85A4946C39ECA1F12CB_11, PutCachedData=, CacheKey=TEXTURE_814DCC3DC72143F49509781513CB9855_AutoDXT_F00C6CAD4C5844ABE7963E9AFE3B1__5AE490CA987A22ABBD33EFF964569CF5D7DDC86C, StartTime=2016.04.27-01.37.35, HierarchicalDDC=, DataSize=1048841, Duration=6.013893, RunGuid=RunID46CDBF8447071F3FE0636C856240A683
DDCTransactionIdA95E5BAD478F0EA800E017840CA81BC3_15, PutCachedData=, CacheKey=TEXTURE_814DCC3DC72143F49509781513CB9855_AutoDXT_F00C6CAD4C5844ABE7963E9AFE3B1__C2472FBC4E816DBAF7B275A11A6D80B5F47166B3, StartTime=2016.04.27-01.37.35, HierarchicalDDC=, DataSize=262407, Duration=10.806087, RunGuid=RunID46CDBF8447071F3FE0636C856240A683
DDCTransactionId77A6621043B7A85A4946C39ECA1F12CB_12, PutCachedData=, CacheKey=TEXTURE_814DCC3DC72143F49509781513CB9855_AutoDXT_F00C6CAD4C5844ABE7963E9AFE3B1__72DE9680BE6414988B85D640F7D2156C327EDA90, StartTime=2016.04.27-01.37.35, HierarchicalDDC=, DataSize=65799, Duration=4.917599, RunGuid=RunID46CDBF8447071F3FE0636C856240A683
DDCTransactionId01B87C494759E4DEC7C6A1871E4D781C_14, PutCachedData=, CacheKey=TEXTURE_814DCC3DC72143F49509781513CB9855_AutoDXT_F00C6CAD4C5844ABE7963E9AFE3B1__6780FBA305946F4962095AB616EA404A583B42D3, StartTime=2016.04.27-01.37.35, HierarchicalDDC=, DataSize=16647, Duration=4.719064, RunGuid=RunID46CDBF8447071F3FE0636C856240A683
DDCTransactionId77A6621043B7A85A4946C39ECA1F12CB_13, PutCachedData=, CacheKey=TEXTURE_814DCC3DC72143F49509781513CB9855_AutoDXT_F00C6CAD4C5844ABE7963E9AFE3B1__2854532947EA3734DD3DCEE541F47928504186B8, StartTime=2016.04.27-01.37.35, HierarchicalDDC=, DataSize=7493, Duration=3.721882, RunGuid=RunID46CDBF8447071F3FE0636C856240A683
DDCTransactionIdBC4404BE47C4758390C6928D03FBC0D2_11, BuildTexture=, CacheKey=TEXTURE_814DCC3DC72143F49509781513CB9855_BC5_3336FBEF4A3526C6FE3A369BA3AB0A8C_07_0000803F0000803F0000803F000000000000803F00000000000000000000803F00000000000000000200000001000000000000000100000000040000803FFFFFFFFF00000000FF00FF00FFFF8180803B, StartTime=2016.04.27-01.37.35, Duration=556.220764, RunGuid=RunID46CDBF8447071F3FE0636C856240A683
DDCTransactionIdA95E5BAD478F0EA800E017840CA81BC3_16, PutCachedData=, CacheKey=TEXTURE_814DCC3DC72143F49509781513CB9855_BC5_3336FBEF4A3526C6FE3A369BA3AB0A8C___A697CFAE0409D6CF04E82C2206941782443D8D47, StartTime=2016.04.27-01.37.36, HierarchicalDDC=, DataSize=4194565, Duration=11.112072, RunGuid=RunID46CDBF8447071F3FE0636C856240A683
DDCTransactionId01B87C494759E4DEC7C6A1871E4D781C_15, PutCachedData=, CacheKey=TEXTURE_814DCC3DC72143F49509781513CB9855_BC5_3336FBEF4A3526C6FE3A369BA3AB0A8C___F627F0DF29AD7E7EB523180964776B03AD3C983A, StartTime=2016.04.27-01.37.36, HierarchicalDDC=, DataSize=1048837, Duration=6.580323, RunGuid=RunID46CDBF8447071F3FE0636C856240A683
DDCTransactionId77A6621043B7A85A4946C39ECA1F12CB_14, PutCachedData=, CacheKey=TEXTURE_814DCC3DC72143F49509781513CB9855_BC5_3336FBEF4A3526C6FE3A369BA3AB0A8C___C31F051D21C90A74358572AD18162314CB497A6C, StartTime=2016.04.27-01.37.36, HierarchicalDDC=, DataSize=262403, Duration=10.444932, RunGuid=RunID46CDBF8447071F3FE0636C856240A683
DDCTransactionId01B87C494759E4DEC7C6A1871E4D781C_16, PutCachedData=, CacheKey=TEXTURE_814DCC3DC72143F49509781513CB9855_BC5_3336FBEF4A3526C6FE3A369BA3AB0A8C___B5F1974D20D44E760919507B1E379D6CA24FED24, StartTime=2016.04.27-01.37.36, HierarchicalDDC=, DataSize=65795, Duration=4.635993, RunGuid=RunID46CDBF8447071F3FE0636C856240A683
DDCTransactionIdA95E5BAD478F0EA800E017840CA81BC3_17, PutCachedData=, CacheKey=TEXTURE_814DCC3DC72143F49509781513CB9855_BC5_3336FBEF4A3526C6FE3A369BA3AB0A8C___F661EBDEBF9F582DE578F9A8E9FA7DBB32106EF5, StartTime=2016.04.27-01.37.36, HierarchicalDDC=, DataSize=16643, Duration=3.748178, RunGuid=RunID46CDBF8447071F3FE0636C856240A683
DDCTransactionId77A6621043B7A85A4946C39ECA1F12CB_15, PutCachedData=, CacheKey=TEXTURE_814DCC3DC72143F49509781513CB9855_BC5_3336FBEF4A3526C6FE3A369BA3AB0A8C___5B5864B36FA96F6A0BC111C00D8F655A6FF197A6, StartTime=2016.04.27-01.37.36, HierarchicalDDC=, DataSize=7468, Duration=3.976550, RunGuid=RunID46CDBF8447071F3FE0636C856240A683
DDCTransactionIdBC4404BE47C4758390C6928D03FBC0D2_12, BuildTexture=, CacheKey=TEXTURE_814DCC3DC72143F49509781513CB9855_AutoDXT_030D71EE4DA78F8E598967A31B41FFCE_07_0000803F0000803F0000803F000000000000803F00000000000000000000803F00000000000000000200000001000100000000000101000000040000803FFFFFFFFF00000000FF00FF00FFFF8180803B, StartTime=2016.04.27-01.37.36, Duration=6175.884277, RunGuid=RunID46CDBF8447071F3FE0636C856240A683
DDCTransactionId01B87C494759E4DEC7C6A1871E4D781C_17, PutCachedData=, CacheKey=TEXTURE_814DCC3DC72143F49509781513CB9855_AutoDXT_030D71EE4DA78F8E598967A31B41F__2C852E7868F513FA141150B3FB06AA648276993E, StartTime=2016.04.27-01.37.42, HierarchicalDDC=, DataSize=2097417, Duration=9.608761, RunGuid=RunID46CDBF8447071F3FE0636C856240A683
DDCTransactionIdA95E5BAD478F0EA800E017840CA81BC3_18, PutCachedData=, CacheKey=TEXTURE_814DCC3DC72143F49509781513CB9855_AutoDXT_030D71EE4DA78F8E598967A31B41F__D800AD93E3AB18614C714E5B03245BECD824F064, StartTime=2016.04.27-01.37.42, HierarchicalDDC=, DataSize=524553, Duration=6.078687, RunGuid=RunID46CDBF8447071F3FE0636C856240A683
DDCTransactionId77A6621043B7A85A4946C39ECA1F12CB_16, PutCachedData=, CacheKey=TEXTURE_814DCC3DC72143F49509781513CB9855_AutoDXT_030D71EE4DA78F8E598967A31B41F__4E0C83D22725D73FE7422B1DE106C9852E035BA7, StartTime=2016.04.27-01.37.42, HierarchicalDDC=, DataSize=131335, Duration=7.259011, RunGuid=RunID46CDBF8447071F3FE0636C856240A683
DDCTransactionIdA95E5BAD478F0EA800E017840CA81BC3_19, PutCachedData=, CacheKey=TEXTURE_814DCC3DC72143F49509781513CB9855_AutoDXT_030D71EE4DA78F8E598967A31B41F__BF35246E184B2F3BBCFFF4905DBA9688583A2EA1, StartTime=2016.04.27-01.37.42, HierarchicalDDC=, DataSize=33031, Duration=5.311471, RunGuid=RunID46CDBF8447071F3FE0636C856240A683
DDCTransactionId77A6621043B7A85A4946C39ECA1F12CB_17, PutCachedData=, CacheKey=TEXTURE_814DCC3DC72143F49509781513CB9855_AutoDXT_030D71EE4DA78F8E598967A31B41F__A04A56D0FED9DFF8E036793530EB021E6FA1F176, StartTime=2016.04.27-01.37.42, HierarchicalDDC=, DataSize=8455, Duration=3.697179, RunGuid=RunID46CDBF8447071F3FE0636C856240A683
DDCTransactionId01B87C494759E4DEC7C6A1871E4D781C_18, PutCachedData=, CacheKey=TEXTURE_814DCC3DC72143F49509781513CB9855_AutoDXT_030D71EE4DA78F8E598967A31B41F__F938C8C3315CB7D129896CFCC78AD11134C096D8, StartTime=2016.04.27-01.37.42, HierarchicalDDC=, DataSize=4749, Duration=7.790159, RunGuid=RunID46CDBF8447071F3FE0636C856240A683
DDCTransactionIdBC4404BE47C4758390C6928D03FBC0D2_13, BuildTexture=, CacheKey=TEXTURE_814DCC3DC72143F49509781513CB9855_AutoDXT_2EF91F43478B588C1E53949F7C1BB35D_07_0000803F0000803F0000803F000000000000803F00000000000000000000803F00000000000000000200000001000100000000000101000000040000803FFFFFFFFF00000000FF00FF00FFFF8180803B, StartTime=2016.04.27-01.37.43, Duration=5867.751953, RunGuid=RunID46CDBF8447071F3FE0636C856240A683
DDCTransactionId77A6621043B7A85A4946C39ECA1F12CB_18, PutCachedData=, CacheKey=TEXTURE_814DCC3DC72143F49509781513CB9855_AutoDXT_2EF91F43478B588C1E53949F7C1BB__70FB5D92DB76D784A0B4299AA6ECCC64213F6C03, StartTime=2016.04.27-01.37.48, HierarchicalDDC=, DataSize=4194569, Duration=10.644432, RunGuid=RunID46CDBF8447071F3FE0636C856240A683
DDCTransactionIdA95E5BAD478F0EA800E017840CA81BC3_20, PutCachedData=, CacheKey=TEXTURE_814DCC3DC72143F49509781513CB9855_AutoDXT_2EF91F43478B588C1E53949F7C1BB__01B86CD38AC08269D0E73FF50193B527DFFBA9F5, StartTime=2016.04.27-01.37.48, HierarchicalDDC=, DataSize=1048841, Duration=8.612860, RunGuid=RunID46CDBF8447071F3FE0636C856240A683
DDCTransactionId01B87C494759E4DEC7C6A1871E4D781C_19, PutCachedData=, CacheKey=TEXTURE_814DCC3DC72143F49509781513CB9855_AutoDXT_2EF91F43478B588C1E53949F7C1BB__EEE4A19474C1B0B9495C9D420BD5C639C0299C0A, StartTime=2016.04.27-01.37.48, HierarchicalDDC=, DataSize=262407, Duration=6.253809, RunGuid=RunID46CDBF8447071F3FE0636C856240A683
DDCTransactionId01B87C494759E4DEC7C6A1871E4D781C_20, PutCachedData=, CacheKey=TEXTURE_814DCC3DC72143F49509781513CB9855_AutoDXT_2EF91F43478B588C1E53949F7C1BB__9AD7235D668ACAFBAA9C438A66451C601A68322F, StartTime=2016.04.27-01.37.48, HierarchicalDDC=, DataSize=65799, Duration=4.039414, RunGuid=RunID46CDBF8447071F3FE0636C856240A683
DDCTransactionIdA95E5BAD478F0EA800E017840CA81BC3_21, PutCachedData=, CacheKey=TEXTURE_814DCC3DC72143F49509781513CB9855_AutoDXT_2EF91F43478B588C1E53949F7C1BB__6A2784C6B6C9A65778CC356041D780ED269D852B, StartTime=2016.04.27-01.37.48, HierarchicalDDC=, DataSize=16647, Duration=4.510902, RunGuid=RunID46CDBF8447071F3FE0636C856240A683
DDCTransactionId77A6621043B7A85A4946C39ECA1F12CB_19, PutCachedData=, CacheKey=TEXTURE_814DCC3DC72143F49509781513CB9855_AutoDXT_2EF91F43478B588C1E53949F7C1BB__86C3E9FB4BD88ADA83EC1208C737E5D4661631CE, StartTime=2016.04.27-01.37.48, HierarchicalDDC=, DataSize=7493, Duration=3.879364, RunGuid=RunID46CDBF8447071F3FE0636C856240A683
DDCTransactionIdBC4404BE47C4758390C6928D03FBC0D2_14, BuildTexture=, CacheKey=TEXTURE_814DCC3DC72143F49509781513CB9855_BC5_B5194A964BB93A23D70CB489BFE1F142_07_0000803F0000803F0000803F000000000000803F00000000000000000000803F00000000000000000200000001000000000000000100000000040000803FFFFFFFFF00000000FF00FF00FFFF8180803B, StartTime=2016.04.27-01.37.49, Duration=535.504761, RunGuid=RunID46CDBF8447071F3FE0636C856240A683
DDCTransactionId01B87C494759E4DEC7C6A1871E4D781C_21, PutCachedData=, CacheKey=TEXTURE_814DCC3DC72143F49509781513CB9855_BC5_B5194A964BB93A23D70CB489BFE1F142___FCAA421F7E98B773BFFB3933BCCFA603CF689216, StartTime=2016.04.27-01.37.49, HierarchicalDDC=, DataSize=4194565, Duration=10.901668, RunGuid=RunID46CDBF8447071F3FE0636C856240A683
DDCTransactionId77A6621043B7A85A4946C39ECA1F12CB_20, PutCachedData=, CacheKey=TEXTURE_814DCC3DC72143F49509781513CB9855_BC5_B5194A964BB93A23D70CB489BFE1F142___0B70ADF47D80DBCE1CF6C8EA8382897D6C4D6AD2, StartTime=2016.04.27-01.37.49, HierarchicalDDC=, DataSize=1048837, Duration=5.819205, RunGuid=RunID46CDBF8447071F3FE0636C856240A683
DDCTransactionIdA95E5BAD478F0EA800E017840CA81BC3_22, PutCachedData=, CacheKey=TEXTURE_814DCC3DC72143F49509781513CB9855_BC5_B5194A964BB93A23D70CB489BFE1F142___938AC98097F561C6C3C11DA0875DA29BA5A9BD1E, StartTime=2016.04.27-01.37.49, HierarchicalDDC=, DataSize=262403, Duration=33.878593, RunGuid=RunID46CDBF8447071F3FE0636C856240A683
DDCTransactionId77A6621043B7A85A4946C39ECA1F12CB_21, PutCachedData=, CacheKey=TEXTURE_814DCC3DC72143F49509781513CB9855_BC5_B5194A964BB93A23D70CB489BFE1F142___817B88891BAB58E743DA2E3DC298C8A8B7793E8D, StartTime=2016.04.27-01.37.49, HierarchicalDDC=, DataSize=65795, Duration=4.595257, RunGuid=RunID46CDBF8447071F3FE0636C856240A683
DDCTransactionId01B87C494759E4DEC7C6A1871E4D781C_22, PutCachedData=, CacheKey=TEXTURE_814DCC3DC72143F49509781513CB9855_BC5_B5194A964BB93A23D70CB489BFE1F142___BB204CCAD7D3E654E999CDB7DC9E044B12B030E5, StartTime=2016.04.27-01.37.49, HierarchicalDDC=, DataSize=16643, Duration=3.615715, RunGuid=RunID46CDBF8447071F3FE0636C856240A683
DDCTransactionId77A6621043B7A85A4946C39ECA1F12CB_22, PutCachedData=, CacheKey=TEXTURE_814DCC3DC72143F49509781513CB9855_BC5_B5194A964BB93A23D70CB489BFE1F142___839247E8D6EE215250D8B0F117DFFB84DA1CA9F4, StartTime=2016.04.27-01.37.49, HierarchicalDDC=, DataSize=7468, Duration=3.978152, RunGuid=RunID46CDBF8447071F3FE0636C856240A683
DDCTransactionIdBC4404BE47C4758390C6928D03FBC0D2_15, BuildTexture=, CacheKey=TEXTURE_814DCC3DC72143F49509781513CB9855_AutoDXT_5A2DD9584937DEFEBDB4BBB0ACCE061C_07_0000803F0000803F0000803F000000000000803F00000000000000000000803F00000000000000000200000001000100000000000101000000040000803FFFFFFFFF00000000FF00FF00FFFF8180803B, StartTime=2016.04.27-01.37.49, Duration=1399.417236, RunGuid=RunID46CDBF8447071F3FE0636C856240A683
DDCTransactionId01B87C494759E4DEC7C6A1871E4D781C_23, PutCachedData=, CacheKey=TEXTURE_814DCC3DC72143F49509781513CB9855_AutoDXT_5A2DD9584937DEFEBDB4BBB0ACCE0__EE42B5A919161EF0FF90EA5D8CFE550FE5D637A6, StartTime=2016.04.27-01.37.51, HierarchicalDDC=, DataSize=4194569, Duration=10.614928, RunGuid=RunID46CDBF8447071F3FE0636C856240A683
DDCTransactionId77A6621043B7A85A4946C39ECA1F12CB_23, PutCachedData=, CacheKey=TEXTURE_814DCC3DC72143F49509781513CB9855_AutoDXT_5A2DD9584937DEFEBDB4BBB0ACCE0__A2BE009ACA1C5442C03D8B8ABC32CF60505EA183, StartTime=2016.04.27-01.37.51, HierarchicalDDC=, DataSize=1048841, Duration=9.224835, RunGuid=RunID46CDBF8447071F3FE0636C856240A683
DDCTransactionIdA95E5BAD478F0EA800E017840CA81BC3_23, PutCachedData=, CacheKey=TEXTURE_814DCC3DC72143F49509781513CB9855_AutoDXT_5A2DD9584937DEFEBDB4BBB0ACCE0__AFDAA4EDF3508FE844247F9F6A6518593C51DD8F, StartTime=2016.04.27-01.37.51, HierarchicalDDC=, DataSize=262407, Duration=5.541123, RunGuid=RunID46CDBF8447071F3FE0636C856240A683
DDCTransactionIdA95E5BAD478F0EA800E017840CA81BC3_24, PutCachedData=, CacheKey=TEXTURE_814DCC3DC72143F49509781513CB9855_AutoDXT_5A2DD9584937DEFEBDB4BBB0ACCE0__0440F5F531E231BA5E182B594A3A4926AF97A9A5, StartTime=2016.04.27-01.37.51, HierarchicalDDC=, DataSize=65799, Duration=3.174692, RunGuid=RunID46CDBF8447071F3FE0636C856240A683
DDCTransactionId01B87C494759E4DEC7C6A1871E4D781C_24, PutCachedData=, CacheKey=TEXTURE_814DCC3DC72143F49509781513CB9855_AutoDXT_5A2DD9584937DEFEBDB4BBB0ACCE0__41C5B26E32F936DBF4319FFD256244B12B30BDB4, StartTime=2016.04.27-01.37.51, HierarchicalDDC=, DataSize=16647, Duration=15.952699, RunGuid=RunID46CDBF8447071F3FE0636C856240A683
DDCTransactionIdA95E5BAD478F0EA800E017840CA81BC3_25, PutCachedData=, CacheKey=TEXTURE_814DCC3DC72143F49509781513CB9855_AutoDXT_5A2DD9584937DEFEBDB4BBB0ACCE0__512485ABD31B477EA9ABD067BE0C5421B39E0020, StartTime=2016.04.27-01.37.51, HierarchicalDDC=, DataSize=7493, Duration=3.713541, RunGuid=RunID46CDBF8447071F3FE0636C856240A683
SavePackageTransactionId7CB994864E714EAA21555FB9261DAB09_1, Filename=../../../../../../Users/Sahir/Documents/Unreal Projects/MyProject/Content/StarterContent/Maps/Minimal_Default.umap, AutoPackageBackupDelegate=5.063541, FlushAsyncLoading=0.008337, FlushStreamingFunc=0.042338, BlockTillAllRequestsFinished=0.006735, ResetLoadersForSaveUnMarkAllObjects=30.152544, TagPackageExports=0.450961, BeginCacheForCookedPlatformData=0.002246, SerializeImports=15.901376, GatherLocalizableTextData=3.912400, MarkNames=0.035603, SerializeSummary=0.012189, SerializeNames=0.383604, SerializeGatherableTextData=0.032075, BuildExportMap=0.159729, SortExportsNonSeekfree=0.106487, SortExportsSeekfreeConstructor=0.047788, SortExportsSeekfreeInner=7.528756, SortExportsSeekfree=0.003528, BuildDependencyMap=0.042658, SerializeImportMap=0.019886, SerializeExportMap=0.013471, SerializeDependencyMap=0.003528, SerializeStringAssetReferenceMap=0.001926, SaveThumbNailsAssetRegistryDataWorldLevelInfo=0.653669, SerializeExports=1.859017, SerializeBulkData=1.961332, MoveFile=3.440589, UnaccountedTime=1.223307, RunGuid=RunID46CDBF8447071F3FE0636C856240A683
